<?xml version='1.0' encoding='utf-8' standalone='yes' ?>
<map>
    <string name="fast_urls">sv3.mt2.cn|sv2.mt2.cn|sv1.mt2.cn</string>
    <boolean name="check_file_time" value="true" />
    <boolean name="edit_fixed_line_numbers" value="false" />
    <string name="load_path_left">1</string>
    <string name="mt2_path">/sdcard/abc</string>
    <boolean name="edit_show_ascii_control" value="false" />
    <boolean name="apk_installation_prevents_deletion" value="false" />
    <boolean name="network_thumb_enable" value="true" />
    <int name="term_ex_skip" value="3005" />
    <string name="term_start_path">/sdcard</string>
    <string name="auto_clean_recycle_bin">0</string>
    <boolean name="edit_high_light" value="true" />
    <boolean name="apk_installation_confirm" value="false" />
    <boolean name="use_external_storage_api" value="true" />
    <string name="network_thumb_image_file_size_limit">100MB</string>
    <long name="fast_urls_expired" value="1746930149712" />
    <boolean name="apk_installation_root" value="true" />
    <boolean name="network_thumb_only_load_on_wifi" value="false" />
    <boolean name="preserve_file_time" value="true" />
    <boolean name="external_storage_thumb_enable" value="true" />
    <boolean name="edit_show_indent_guides" value="true" />
    <string name="load_path_right">1</string>
    <boolean name="apk_installation_verify" value="true" />
    <boolean name="edit_magnifier" value="true" />
    <boolean name="disable_permission_in_list" value="false" />
    <boolean name="double_confirm_before_exit" value="false" />
    <boolean name="edit_auto_indent" value="true" />
    <boolean name="simt_main" value="true" />
    <boolean name="get_adb" value="true" />
    <boolean name="edit_indent_with_tabs" value="false" />
    <boolean name="apk_installation_shizuku" value="true" />
    <boolean name="optimize_external_storage_dt" value="true" />
    <string name="edit_text_font_size">11</string>
    <boolean name="edit_pinch_to_zoom" value="true" />
    <boolean name="deletion_warning" value="true" />
    <boolean name="edit_show_line_numbers" value="true" />
    <boolean name="check_file_exists" value="true" />
    <boolean name="show_input_fav" value="true" />
    <string name="bottom_toolbar_padding_type">0</string>
    <boolean name="term_create_session_as_root" value="true" />
    <boolean name="enable_recycle_bin" value="false" />
    <boolean name="symbol_input" value="true" />
    <string name="date_time_format">0</string>
    <string name="custom_language">auto</string>
    <boolean name="term_keep_dark" value="true" />
    <boolean name="edit_word_wrap_keep" value="true" />
    <boolean name="def_mov_recycle_bin" value="false" />
    <boolean name="show_bookmarks_in_sidebar" value="true" />
    <string name="file_list_size">1</string>
    <string name="keep_in_editor_options">1</string>
    <string name="diff_text_font_size">12</string>
    <boolean name="edit_show_blank_symbol" value="false" />
    <boolean name="generate_backup_file" value="false" />
    <boolean name="show_hidden_file" value="false" />
    <string name="term_font_size">12</string>
    <boolean name="get_root" value="true" />
    <boolean name="hide_single_space" value="true" />
    <string name="file_name_max_line">2</string>
</map>
