<?xml version='1.0' encoding='utf-8' standalone='yes' ?>
<map>
    <int name="gkvc" value="0" />
    <long name="a_start_time" value="1746325788889" />
    <int name="last_request_spent_ms" value="900" />
    <string name="signature">14d0ac6d67fd8cc998cbe183dc15d1896abe10d66d2d1bb6cde7f22d700f1668</string>
    <string name="pre_date">2025-05-04</string>
    <long name="session_start_time" value="1746325512076" />
    <long name="last_instant_build_time" value="1746325525370" />
    <string name="session_id">588089FA8FB45E8626AA29C566894CFF</string>
    <long name="last_request_time" value="0" />
    <long name="ana_is_f" value="0" />
    <long name="thtstart" value="1746325512074" />
    <int name="successful_request" value="4" />
    <long name="session_end_time" value="1746325783177" />
    <int name="failed_requests " value="0" />
    <int name="serial" value="5" />
    <string name="cur_version">2.18.2-clone</string>
    <long name="first_activate_time" value="1746325512123" />
    <string name="pre_version">0</string>
    <int name="ekvc" value="5" />
    <int name="versioncode" value="25040692" />
    <long name="a_end_time" value="0" />
    <string name="versionname">2.18.2-clone</string>
    <long name="last_req" value="1746325585017" />
</map>
